<?xml version="1.0" encoding="utf-8"?>
<extension type="module" client="administrator" method="upgrade" version="2.5" position="icon">
    <name>K2 Quick Icons (admin)</name>
    <author>JoomlaWorks</author>
    <creationDate>(see K2 component)</creationDate>
    <copyright>Copyright (c) 2009 - 2025 JoomlaWorks Ltd. All rights reserved.</copyright>
    <authorEmail>please-use-the-contact-form@joomlaworks.net</authorEmail>
    <authorUrl>https://www.joomlaworks.net</authorUrl>
    <version>(see K2 component)</version>
    <license>https://gnu.org/licenses/gpl.html</license>
    <description>K2_QUICKICONS_FOR_USE_IN_THE_JOOMLA_CONTROL_PANEL_DASHBOARD_PAGE</description>
    <files>
        <filename module="mod_k2_quickicons">mod_k2_quickicons.php</filename>
        <folder>tmpl</folder>
    </files>
    <config>
        <fields name="params">
            <fieldset name="basic">
                <field name="modCSSStyling" type="radio" default="1" label="K2_MODULE_DEFAULT_CSS" description="" class="btn-group btn-group-yesno">
                    <option value="1">K2_ENABLED</option>
                    <option value="0">K2_DISABLED</option>
                </field>
                <field name="modLogo" type="radio" default="1" label="K2_MODULE_LOGO" description="" class="btn-group btn-group-yesno">
                    <option value="1">K2_SHOW</option>
                    <option value="0">K2_HIDE</option>
                </field>
            </fieldset>
            <fieldset name="advanced">
                <field name="cache" type="list" default="0" label="K2_CACHING" description="K2_SELECT_WHETHER_TO_CACHE_THE_CONTENT_OF_THIS_MODULE">
                    <option value="0">K2_NO_CACHING</option>
                    <option value="1">K2_USE_GLOBAL</option>
                </field>
                <field name="cache_time" type="text" default="" label="K2_CACHE_TIME" description="K2_THE_TIME_IN_SECONDS_BEFORE_THE_MODULE_IS_RECACHED"/>
            </fieldset>
        </fields>
    </config>
</extension>
